,Road_AG,Road_Ap,Road_Ch,Road_Me,Kas_AG,Kas_Ap,Kas_Ch,Kas_Me,Radi_AG,Radi_Ap,Radi_Ch,Radi_Me,Indi_AG,Indi_Ap,Indi_Ch,Indi_Me
0,8036.192475357993,32144.769901432082,32144.769901432082,?,4625.870027594035,18503.48011037634,18503.48011037634,?,4191.455558854101,16765.822235416483,16765.822235416483,?,971.8550833771045,3887.4203335084335,3887.4203335084335,?
1,0.5914438698665794,0.5855066760888952,0.5855066760888952,?,0.4902316799821953,0.47789262381188996,0.47789262381188996,?,0.5078788706669664,0.5044519267686748,0.5044519267686748,?,0.5820849898124796,0.5885556958342756,0.5885556958342756,?
