,Road_AG,Road_Ap,Road_Ch,Road_Me,Kas_AG,Kas_Ap,Kas_Ch,Kas_Me,Radi_AG,Radi_Ap,Radi_Ch,Radi_Me,Indi_AG,Indi_Ap,Indi_Ch,Indi_Me
0,8024.372627101334,32097.490508405594,32097.490508405594,?,4654.619872479653,18618.479489918565,18618.479489918565,?,4175.911013140138,16703.644052560536,16703.644052560536,?,967.9892742728144,3871.9570970912555,3871.9570970912555,?
1,0.5909620511423271,0.5855537093728899,0.5855537093728899,?,0.4888306996764401,0.47678331704465965,0.47678331704465965,?,0.5075804085633517,0.5039762799779868,0.5039762799779868,?,0.5843774001743482,0.5899412823807556,0.5899412823807556,?
